<?xml version="1.0" encoding="UTF-8"?>

<!DOCTYPE hibernate-mapping PUBLIC 
    "-//Hibernate/Hibernate Mapping DTD 3.0//EN"
    "http://www.hibernate.org/dtd/hibernate-mapping-3.0.dtd">
    
    <hibernate-mapping package="com.pp3.demo">
    	
    	<class name="Product" table="product">
    	<id name="pid" column="pid">
    	<generator class="increment"></generator>
    		</id>
    		<property name="pname" type="string" />
    		<property name="ptype" type="string" />
    		<property name="price" type="integer" />
    	</class>
    </hibernate-mapping>